,0
0,diazo
1,menus
2,moose
3,shave
4,shush
5,mural
6,tidal
7,pests
8,orang
9,achoo
10,getup
11,dicey
12,nakfa
13,cough
14,payed
15,lingo
16,grate
17,harem
18,peels
19,built
20,chime
21,sever
22,wacks
23,block
24,twigs
25,lexer
26,mails
27,punch
28,serif
29,upped
30,sugar
31,coned
32,voter
33,bueno
34,gowns
35,sward
36,pyoid
37,taluk
38,rotor
39,lapel
40,nadir
41,putty
42,swims
43,cared
44,ovens
45,burro
46,south
47,ovine
48,balks
49,paisa
50,acmes
51,kapok
52,galea
53,exude
54,spots
55,lofty
56,dodos
57,scuff
58,swots
59,nares
60,doted
61,axils
62,hicks
63,yolks
64,belle
65,enure
66,canst
67,think
68,bruin
69,adapt
70,sibyl
71,loris
72,store
73,bract
74,plead
75,abash
76,decor
77,twang
78,earth
79,shell
80,fovea
81,bilge
82,setts
83,unman
84,uteri
85,manky
86,imply
87,haste
88,curio
89,henry
90,sound
91,obits
92,roque
93,slues
94,using
95,blitz
96,youth
97,milts
98,cycle
99,panic
100,frack
101,clips
102,heads
103,louse
104,whole
105,ragga
106,wasps
107,canal
108,hosts
109,warez
110,lobby
111,navig
112,sexed
113,saucy
114,shake
115,miffy
116,chufa
117,playa
118,ritzy
119,leash
120,cadet
121,irade
122,dolor
123,femur
124,groin
125,rived
126,posse
127,reefs
128,phase
129,crumb
130,abase
131,picul
132,fusty
133,sited
134,minis
135,tokes
136,seeks
137,eased
138,sadly
139,wader
140,wised
141,mucks
142,pluck
143,cages
144,dolce
145,quits
146,cuddy
147,loans
148,storm
149,loses
150,rigid
151,bronc
152,locum
153,vocal
154,lotto
155,pipit
156,plows
157,nitid
158,ficus
159,leggy
160,holly
161,dowie
162,boyar
163,pygmy
164,cured
165,wilts
166,fjord
167,babes
168,oakum
169,snore
170,totem
171,risen
172,yoked
173,blind
174,found
175,oasts
176,doles
177,dorky
178,styli
179,grosz
180,stunt
181,guild
182,twill
183,loner
184,thewy
185,piles
186,donga
187,wadge
188,nimby
189,carob
190,etuis
191,hooky
192,check
193,eland
194,vista
195,visor
196,views
197,brisk
198,swink
199,dills
200,oboli
201,mazes
202,taint
203,tends
204,craps
205,wound
206,tasse
207,feats
208,vicar
209,wiser
210,nevus
211,toner
212,oaten
213,dedal
214,sport
215,bacon
216,hance
217,sedan
218,waifs
219,lupus
220,rewed
221,flick
222,logia
223,myths
224,meted
225,bleak
226,joked
227,pushy
228,tucks
229,exist
230,whipt
231,cubby
232,rearm
233,wipes
234,resat
235,music
236,rebut
237,crimp
238,agent
239,hamal
240,stull
241,bloat
242,ngwee
243,tumid
244,moors
245,herds
246,terms
247,boner
248,jolts
249,rumba
250,manic
251,agate
252,crick
253,promo
254,scuta
255,discs
256,maids
257,pubes
258,aunts
259,stony
260,ceiba
261,prong
262,refix
263,keyed
264,skint
265,farce
266,dealt
267,drags
268,notum
269,trows
270,carbs
271,ament
272,fuzzy
273,fresh
274,virus
275,deuce
276,nests
277,gutta
278,cruft
279,wrong
280,hough
281,torus
282,nomad
283,prime
284,mains
285,tense
286,cargo
287,slant
288,grant
289,tutor
290,pecks
291,kaons
292,anele
293,abmho
294,evoke
295,dildo
296,flask
297,swats
298,gaudy
299,colon
300,polka
301,yapon
302,trawl
303,trump
304,epact
305,koine
306,quaff
307,tonal
308,happy
309,files
310,purse
311,rasps
312,valid
313,curly
314,hails
315,epoch
316,bijou
317,rites
318,shirt
319,rainy
320,sloes
321,ovary
322,wreck
323,laced
324,knock
325,flows
326,pommy
327,batch
328,goofy
329,passe
330,tinea
331,eyras
332,dyads
333,valet
334,kopek
335,chord
336,lysin
337,diced
338,curve
339,jugal
340,rogue
341,tangs
342,swung
343,halms
344,jazzy
345,cribs
346,leach
347,growl
348,bilbo
349,romps
350,egged
351,dream
352,hotly
353,whorl
354,paxes
355,mover
356,pavid
357,mores
358,surly
359,roues
360,helve
361,gulps
362,brits
363,ogham
364,conga
365,unwon
366,ploys
367,capon
368,aspen
369,wades
370,vexed
371,maras
372,wires
373,peter
374,karat
375,named
376,milky
377,brawl
378,toots
379,pizza
380,sames
381,mneme
382,parks
383,knoll
384,biked
385,weird
386,socle
387,fling
388,guile
389,pewee
390,flews
391,ousel
392,flats
393,fated
394,hooch
395,husky
396,woald
397,bazar
398,primo
399,ratty
400,rates
401,cheap
402,vents
403,quirt
404,blebs
405,boats
406,union
407,atony
408,anion
409,seism
410,speed
411,flits
412,wider
413,gypsy
414,rials
415,roily
416,slued
417,haled
418,burgh
419,hasty
420,coven
421,chuff
422,bodge
423,cameo
424,fawns
425,marcs
426,whams
427,metis
428,shiny
429,tromp
430,reave
431,valse
432,crake
433,somas
434,trues
435,pedal
436,gouge
437,kiwis
438,micks
439,golem
440,chert
441,teary
442,crows
443,stria
444,reign
445,fatal
446,sores
447,synth
448,induc
449,heaps
450,vanes
451,wolfs
452,picot
453,unmet
454,sodas
455,offed
456,stubs
457,liter
458,slung
459,bower
460,knaps
461,revet
462,weals
463,shock
464,adust
465,bawls
466,basin
467,guans
468,adorn
469,puffy
470,holds
471,liens
472,atria
473,jugum
474,slams
475,kazoo
476,nawab
477,puked
478,nihil
479,skimp
480,album
481,raped
482,close
483,brags
484,trons
485,foyer
486,renew
487,pilch
488,sowed
489,icily
490,vaunt
491,ducal
492,feuds
493,yeahs
494,bunny
495,sawed
496,hexyl
497,bosun
498,hangs
499,snips
500,reeky
501,fakir
502,snaky
503,yucks
504,moron
505,fucks
506,inset
507,hooks
508,slave
509,nails
510,heres
511,seeps
512,widow
513,adman
514,manga
515,theme
516,alloy
517,foray
518,bongo
519,apery
520,reeve
521,stake
522,cooee
523,punts
524,ponce
525,weedy
526,grith
527,crisp
528,clout
529,voids
530,lodes
531,perch
532,azoth
533,seedy
534,elegy
535,black
536,befit
537,karst
538,farci
539,claro
540,earns
541,pansy
542,frize
543,sahib
544,hunky
545,piney
546,dunce
547,silos
548,gazed
549,lasso
550,licks
551,ruble
552,shoal
553,waded
554,queue
555,sworn
556,stern
557,quoth
558,wanes
559,agony
560,stows
561,ashed
562,nervy
563,simar
564,vends
565,plonk
566,tasks
567,shire
568,smarm
569,hakim
570,stump
571,aided
572,exact
573,alone
574,pukes
575,stela
576,lases
577,ninja
578,cesar
579,bison
580,seamy
581,sleep
582,total
583,gents
584,ovals
585,corps
586,motet
587,tries
588,lifer
589,propr
590,iotas
591,roomy
592,tread
593,gulls
594,kaiak
595,jocks
596,trace
597,kroon
598,fiefs
599,refer
600,belts
601,varve
602,caver
603,rumor
604,shown
605,champ
606,fizzy
607,gaurs
608,vogue
609,vitta
610,aloha
611,tenth
612,honey
613,phren
614,piths
615,baked
616,gooey
617,warns
618,kyles
619,voted
620,cered
621,tokay
622,since
623,cycad
624,wiper
625,finds
626,welly
627,petit
628,steam
629,mikes
630,terra
631,patty
632,skegs
633,tubes
634,enact
635,kaput
636,tenne
637,blain
638,flock
639,dully
640,gloat
641,teach
642,shako
643,shags
644,shark
645,serai
646,barre
647,parer
648,proxy
649,votes
650,largo
651,acini
652,spore
653,koans
654,fryer
655,rugby
656,negus
657,roars
658,nudge
659,chart
660,slags
661,trims
662,foist
663,doily
664,polit
665,otter
666,chaos
667,awned
668,cries
669,snath
670,taped
671,indic
672,abhor
673,allee
674,shill
675,xrefs
676,ultra
677,mopey
678,fries
679,abuts
680,sects
681,ocker
682,chars
683,emits
684,liege
685,stool
686,hamza
687,willy
688,incus
689,alibi
690,damar
691,paled
692,natal
693,scope
694,wowed
695,lapin
696,gonna
697,sines
698,kakis
699,comet
700,beady
701,tilts
702,blues
703,poncy
704,lemme
705,wolds
706,sense
707,lasts
708,shins
709,coifs
710,hades
711,carat
712,years
713,harks
714,golly
715,novae
716,cesta
717,dimes
718,neper
719,warty
720,sulci
721,amuse
722,sprit
723,fucus
724,teams
725,pique
726,siree
727,flour
728,triad
729,apeak
730,riven
731,sexts
732,cider
733,fusee
734,stoat
735,burse
736,primp
737,gerah
738,saved
739,appel
740,foams
741,tiler
742,major
743,sissy
744,boric
745,bedim
746,gummy
747,slaty
748,medic
749,costs
750,fixes
751,quasi
752,biome
753,grape
754,hated
755,balls
756,autos
757,probe
758,quite
759,compo
760,ardeb
761,graft
762,theft
763,scaly
764,cheer
765,rover
766,fungo
767,bogie
768,posed
769,reaps
770,sabre
771,milia
772,hitch
773,slums
774,jetty
775,twice
776,dight
777,tress
778,worth
779,gazer
780,baric
781,thong
782,sharp
783,simba
784,knish
785,navar
786,mucus
787,canny
788,trite
789,joint
790,losel
791,snark
792,erupt
793,tawny
794,rower
795,addle
796,kanzu
797,alarm
798,facer
799,basal
800,shuts
801,busty
802,wirer
803,donee
804,clump
805,shews
806,lymph
807,zines
808,stuck
809,pesky
810,bunch
811,ridge
812,dunes
813,bring
814,clone
815,spurn
816,agist
817,thins
818,salty
819,iliac
820,drawl
821,envoy
822,picks
823,agley
824,drams
825,nukes
826,melic
827,sacks
828,flyte
829,movie
830,horde
831,glaze
832,stuns
833,tarps
834,novas
835,aloes
836,chops
837,tuxes
838,shyly
839,gyral
840,privy
841,hands
842,quark
843,panty
844,swill
845,crape
846,angle
847,board
848,drive
849,essay
850,tench
851,tempo
852,cruck
853,basic
854,rinse
855,stead
856,tally
857,mynah
858,aught
859,could
860,rimed
861,feint
862,oases
863,kicks
864,outgo
865,toted
866,jowly
867,spent
868,friar
869,gyron
870,ricks
871,study
872,peart
873,tenon
874,luges
875,talas
876,naive
877,haves
878,dipso
879,deign
880,algid
881,jewel
882,toile
883,girts
884,sinks
885,phots
886,remap
887,cymas
888,boyla
889,dobra
890,abaft
891,frame
892,bliss
893,dumbo
894,thiol
895,bused
896,deeds
897,tulle
898,bonce
899,swoop
900,nobby
901,pwned
902,hajes
903,covin
904,first
905,crown
906,aptly
907,ducts
908,saves
909,preen
910,xxvii
911,vouch
912,whins
913,dater
914,ponds
915,flags
916,quern
917,spoor
918,rubel
919,bungs
920,posit
921,regal
922,ixtle
923,unjam
924,gnome
925,times
926,cauda
927,washy
928,zones
929,winch
930,eared
931,bulks
932,mends
933,porch
934,haiku
935,runty
936,coded
937,noisy
938,hydra
939,begot
940,shier
941,chins
942,darer
943,spics
944,scoff
945,plumy
946,ogles
947,hived
948,roils
949,perky
950,thous
951,irate
952,cliff
953,later
954,toxin
955,tolyl
956,antes
957,drabs
958,phons
959,chino
960,abamp
961,ihram
962,droop
963,posts
964,wirra
965,larks
966,fella
967,chide
968,birth
969,emcee
970,patch
971,yucca
972,unsay
973,homey
974,mealy
975,linty
976,geoid
977,shine
978,faint
979,cunts
980,kukri
981,coals
982,wiles
983,offer
984,cedar
985,hanks
986,dunks
987,muses
988,nimbi
989,agone
990,early
991,tamps
992,humic
993,sones
994,frisk
995,utile
996,huffy
997,ferny
998,alkyd
999,whits
1000,octet
1001,tabla
1002,balsa
1003,gadid
1004,goals
1005,doled
1006,jammy
1007,volva
1008,tramp
1009,betel
1010,nicks
1011,sighs
1012,baled
1013,macaw
1014,girds
1015,gawks
1016,their
1017,fetch
1018,scurf
1019,annal
1020,agger
1021,abler
1022,trews
1023,humph
1024,fuels
1025,crops
1026,again
1027,bombe
1028,leech
1029,moral
1030,stick
1031,tesla
1032,jolty
1033,plush
1034,yeses
1035,fewer
1036,polio
1037,asses
1038,tufts
1039,holey
1040,binge
1041,zincs
1042,hoots
1043,login
1044,sewed
1045,owner
1046,sheds
1047,saver
1048,crazy
1049,conte
1050,hints
1051,soapy
1052,cruse
1053,anear
1054,scads
1055,shirk
1056,skite
1057,tinny
1058,bingo
1059,blowy
1060,joeys
1061,berth
1062,ditto
1063,purrs
1064,pacha
1065,vapid
1066,chunk
1067,durra
1068,sprat
1069,wived
1070,puffs
1071,cabby
1072,fores
1073,blocs
1074,duppy
1075,fiche
1076,hoofs
1077,duper
1078,shawl
1079,silds
1080,bribe
1081,exult
1082,mints
1083,among
1084,bhang
1085,spree
1086,salpa
1087,aroma
1088,sonny
1089,edict
1090,dopey
1091,dhole
1092,loopy
1093,dotes
1094,gongs
1095,prior
1096,scant
1097,skiff
1098,steno
1099,peris
1100,gnash
1101,sulks
1102,aleph
1103,faena
1104,acids
1105,queen
1106,hound
1107,yamen
1108,sales
1109,mount
1110,treas
1111,stats
1112,loped
1113,veter
1114,dined
1115,omasa
1116,umped
1117,stein
1118,coact
1119,grave
1120,aides
1121,souls
1122,tiled
1123,gutsy
1124,trans
1125,props
1126,kudzu
1127,titch
1128,hulky
1129,comic
1130,kilos
1131,nobly
1132,euros
1133,swore
1134,viewy
1135,undue
1136,snook
1137,eclat
1138,sucre
1139,molds
1140,booth
1141,buddy
1142,corse
1143,boxen
1144,writs
1145,jinks
1146,pyxes
1147,tuple
1148,barde
1149,decal
1150,idled
1151,epees
1152,gluts
1153,barms
1154,beers
1155,float
1156,ports
1157,rains
1158,stain
1159,roose
1160,codex
1161,globs
1162,muggy
1163,prana
1164,bicep
1165,trait
1166,rabid
1167,hymns
1168,tanto
1169,cupid
1170,brede
1171,forge
1172,poled
1173,bunko
1174,aerie
1175,sewan
1176,vibes
1177,shuns
1178,stage
1179,midis
1180,beret
1181,prowl
1182,drupe
1183,nacho
1184,tasty
1185,flubs
1186,coops
1187,bozos
1188,celeb
1189,wales
1190,dough
1191,caber
1192,atomy
1193,oomph
1194,comas
1195,death
1196,meaty
1197,lazes
1198,gravy
1199,gulas
1200,ching
1201,stank
1202,favor
1203,dirty
1204,duels
1205,vivid
1206,curet
1207,toked
1208,jibes
1209,hippy
1210,minim
1211,gules
1212,caird
1213,racon
1214,wizen
1215,irons
1216,skulk
1217,giros
1218,gulag
1219,virtu
1220,brand
1221,lamer
1222,peeve
1223,align
1224,noria
1225,sages
1226,lints
1227,sorta
1228,wanly
1229,bloom
1230,umbra
1231,rolls
1232,greet
1233,tubas
1234,bawdy
1235,scrip
1236,tests
1237,neath
1238,mambo
1239,suint
1240,vouge
1241,cento
1242,polar
1243,tenia
1244,nerds
1245,rebec
1246,pawls
1247,heard
1248,gripe
1249,motel
1250,terse
1251,certs
1252,forks
1253,dixie
1254,conns
1255,vault
1256,puled
1257,quick
1258,cisco
1259,roams
1260,unpeg
1261,ontic
1262,cense
1263,pound
1264,leeks
1265,rated
1266,smogs
1267,waxen
1268,magus
1269,agave
1270,circa
1271,candy
1272,jelly
1273,bleep
1274,ioctl
1275,lours
1276,lofts
1277,slain
1278,blush
1279,super
1280,flory
1281,malar
1282,imams
1283,bluey
1284,downs
1285,supra
1286,glued
1287,horah
1288,pions
1289,snowy
1290,brats
1291,scams
1292,swale
1293,occas
1294,stems
1295,fares
1296,curvy
1297,druse
1298,nifty
1299,tunny
1300,pukka
1301,about
1302,loyal
1303,olden
1304,funky
1305,mound
1306,trust
1307,panel
1308,cutup
1309,liana
1310,phyla
1311,hurry
1312,gayer
1313,silly
1314,clamp
1315,cubic
1316,cacti
1317,webby
1318,whizz
1319,gutty
1320,myrrh
1321,caned
1322,mulls
1323,curch
1324,hired
1325,becks
1326,round
1327,imide
1328,halon
1329,ranch
1330,mercy
1331,afrit
1332,crowd
1333,false
1334,mongo
1335,arris
1336,sneak
1337,tacks
1338,meals
1339,bowls
1340,buffs
1341,stoss
1342,rabbi
1343,dared
1344,kenaf
1345,girls
1346,emend
1347,shrub
1348,typal
1349,welds
1350,natty
1351,glume
1352,yacht
1353,lapse
1354,daddy
1355,glyph
1356,mills
1357,buhls
1358,douma
1359,lacer
1360,scrod
1361,unapt
1362,shape
1363,gaits
1364,pride
1365,acorn
1366,brace
1367,chefs
1368,lards
1369,mycol
1370,payee
1371,amply
1372,tenor
1373,popes
1374,arena
1375,ravin
1376,skull
1377,nooky
1378,wafer
1379,dotty
1380,shoat
1381,ghoul
1382,penni
1383,seams
1384,specs
1385,wimpy
1386,prigs
1387,winze
1388,krona
1389,feuar
1390,riant
1391,scram
1392,aecia
1393,north
1394,slier
1395,score
1396,buggy
1397,tines
1398,trona
1399,goads
1400,crawl
1401,rance
1402,unfit
1403,obeli
1404,julep
1405,hurds
1406,horsy
1407,ovoid
1408,dales
1409,virga
1410,sizar
1411,elude
1412,latch
1413,upset
1414,icier
1415,march
1416,brown
1417,dobro
1418,troat
1419,guise
1420,glens
1421,caner
1422,lousy
1423,zests
1424,large
1425,bonus
1426,giddy
1427,bulgy
1428,ayahs
1429,tibia
1430,saxes
1431,flair
1432,spire
1433,eagre
1434,antre
1435,footy
1436,gassy
1437,knead
1438,gloom
1439,jabot
1440,sysop
1441,tonne
1442,glair
1443,cyton
1444,gnarl
1445,woody
1446,yahoo
1447,ulema
1448,dwarf
1449,snake
1450,stalk
1451,hoops
1452,weirs
1453,colza
1454,talus
1455,biddy
1456,suing
1457,croze
1458,pawns
1459,jolly
1460,muter
1461,pilei
1462,faced
1463,diked
1464,gopak
1465,usage
1466,rater
1467,kudos
1468,herbs
1469,arrow
1470,moils
1471,turds
1472,stray
1473,hyoid
1474,dewan
1475,laser
1476,dozed
1477,fairy
1478,techs
1479,sixty
1480,porgy
1481,roost
1482,added
1483,frogs
1484,wiled
1485,monte
1486,credo
1487,armet
1488,ranks
1489,gales
1490,match
1491,plums
1492,anode
1493,afoul
1494,other
1495,toned
1496,tempi
1497,cumin
1498,ology
1499,token
1500,whoop
1501,alley
1502,baddy
1503,heave
1504,sways
1505,poppy
1506,entry
1507,dulls
1508,azine
1509,bogon
1510,riyal
1511,litas
1512,shack
1513,poems
1514,green
1515,ashen
1516,creek
1517,madam
1518,rocks
1519,flown
1520,pines
1521,nappe
1522,droid
1523,reeds
1524,nerve
1525,kerne
1526,gleam
1527,taxes
1528,derma
1529,leafy
1530,stilt
1531,basso
1532,fault
1533,llano
1534,baker
1535,brant
1536,cavie
1537,cutty
1538,index
1539,tunas
1540,recut
1541,rough
1542,sigma
1543,vital
1544,riata
1545,bleed
1546,sabot
1547,penal
1548,fleas
1549,bodes
1550,twerp
1551,frock
1552,yield
1553,lurch
1554,typos
1555,dryly
1556,octad
1557,unite
1558,pried
1559,skips
1560,items
1561,quipu
1562,sixes
1563,paned
1564,locus
1565,boffo
1566,butty
1567,preys
1568,deist
1569,sente
1570,hying
1571,depth
1572,relay
1573,gaped
1574,gloss
1575,jests
1576,draff
1577,tutty
1578,robot
1579,skelp
1580,samba
1581,skate
1582,lolly
1583,beefy
1584,forby
1585,wombs
1586,rears
1587,bones
1588,butte
1589,corky
1590,fidge
1591,media
1592,timed
1593,talky
1594,lysis
1595,missy
1596,snare
1597,lulls
1598,strap
1599,tushy
1600,argol
1601,ester
1602,racer
1603,knell
1604,wharf
1605,hammy
1606,whets
1607,stele
1608,flyby
1609,rheum
1610,oiled
1611,rubes
1612,jacks
1613,clues
1614,lyssa
1615,scend
1616,drape
1617,slang
1618,spasm
1619,woken
1620,kyats
1621,recti
1622,vines
1623,meres
1624,suede
1625,yapok
1626,sumps
1627,unify
1628,worse
1629,embus
1630,abide
1631,patin
1632,crapy
1633,maxim
1634,lazar
1635,loamy
1636,macle
1637,thorn
1638,roved
1639,badge
1640,felid
1641,edges
1642,cabin
1643,coots
1644,shrug
1645,oread
1646,stdio
1647,spool
1648,bully
1649,dagos
1650,amend
1651,clear
1652,baste
1653,leafs
1654,hijab
1655,carps
1656,brims
1657,cecal
1658,refit
1659,dryad
1660,forms
1661,wordy
1662,scoot
1663,beaks
1664,beset
1665,ahead
1666,wrest
1667,kepis
1668,epics
1669,steel
1670,dusts
1671,angel
1672,flans
1673,poohs
1674,fecit
1675,windy
1676,raced
1677,adopt
1678,carte
1679,nancy
1680,wises
1681,walks
1682,beery
1683,egads
1684,soggy
1685,kavas
1686,swath
1687,kibes
1688,bless
1689,pyres
1690,beaut
1691,smart
1692,arums
1693,knots
1694,cause
1695,hefty
1696,aloof
1697,melds
1698,bedel
1699,whelm
1700,strum
1701,globe
1702,splat
1703,wears
1704,faith
1705,strew
1706,bauds
1707,seers
1708,plier
1709,saiga
1710,duffs
1711,whips
1712,slims
1713,cusec
1714,mosey
1715,cloak
1716,kedge
1717,buret
1718,spits
1719,enema
1720,scups
1721,tapas
1722,lacks
1723,brent
1724,prows
1725,argil
1726,stand
1727,nocks
1728,chive
1729,reify
1730,murex
1731,bends
1732,cigar
1733,capes
1734,decry
1735,parky
1736,spica
1737,cream
1738,fatso
1739,amigo
1740,begat
1741,betta
1742,tolan
1743,crane
1744,cairn
1745,mopes
1746,axles
1747,fined
1748,gasps
1749,dupes
1750,swine
1751,rutty
1752,query
1753,users
1754,drays
1755,reams
1756,contd
1757,rider
1758,hosta
1759,kevel
1760,swear
1761,mewls
1762,crash
1763,piggy
1764,ogres
1765,boxes
1766,japer
1767,eying
1768,finks
1769,spill
1770,hikes
1771,sedge
1772,gurus
1773,tined
1774,uredo
1775,decay
1776,sambo
1777,wells
1778,dikes
1779,daisy
1780,suety
1781,fussy
1782,gaunt
1783,rebus
1784,fraps
1785,viols
1786,latke
1787,wedge
1788,savoy
1789,tubby
1790,horme
1791,image
1792,icons
1793,expos
1794,hulls
1795,grues
1796,embed
1797,wryly
1798,giver
1799,pashm
1800,kicky
1801,atoms
1802,spans
1803,frown
1804,pouts
1805,laces
1806,titer
1807,nanny
1808,filmy
1809,azote
1810,mucky
1811,dongs
1812,seems
1813,loges
1814,clack
1815,mites
1816,idyll
1817,durum
1818,penne
1819,lotic
1820,stash
1821,harms
1822,busts
1823,manuf
1824,trick
1825,flies
1826,desex
1827,noels
1828,batik
1829,panne
1830,milks
1831,keeps
1832,opera
1833,sprue
1834,spins
1835,tinct
1836,vodka
1837,grume
1838,scary
1839,wrote
1840,hadst
1841,preps
1842,pasta
1843,schmo
1844,tatty
1845,share
1846,murre
1847,maces
1848,coper
1849,amuck
1850,gipon
1851,pseud
1852,patio
1853,aired
1854,males
1855,vivas
1856,halts
1857,tuber
1858,yakka
1859,axial
1860,wrath
1861,kalif
1862,letup
1863,whisk
1864,novel
1865,ninny
1866,timer
1867,grain
1868,opium
1869,quiet
1870,trees
1871,direr
1872,ruffs
1873,crier
1874,adits
1875,clavi
1876,pones
1877,tower
1878,slyly
1879,therm
1880,ploce
1881,cloud
1882,bluff
1883,ileac
1884,tames
1885,ethyl
1886,iambi
1887,babas
1888,going
1889,brads
1890,gully
1891,beats
1892,spile
1893,peals
1894,logic
1895,kluge
1896,prion
1897,poilu
1898,wined
1899,licit
1900,blats
1901,bonds
1902,baldy
1903,patly
1904,helix
1905,recon
1906,hared
1907,blate
1908,pinon
1909,elver
1910,goody
1911,levin
1912,germs
1913,xxxii
1914,howdy
1915,bathe
1916,smack
1917,scute
1918,mango
1919,muzzy
1920,theta
1921,musth
1922,legal
1923,poles
1924,sorts
1925,giant
1926,sated
1927,acrid
1928,seise
1929,fiery
1930,aping
1931,steak
1932,shuck
1933,hypes
1934,leers
1935,cosec
1936,rages
1937,buses
1938,bonny
1939,lewis
1940,yarns
1941,corer
1942,hyped
1943,prase
1944,typed
1945,odium
1946,motto
1947,pieta
1948,clean
1949,goods
1950,hunks
1951,sorer
1952,crews
1953,grins
1954,staid
1955,phlox
1956,taxed
1957,dorty
1958,clink
1959,proud
1960,mavis
1961,cuffs
1962,erase
1963,tours
1964,coped
1965,swede
1966,phyle
1967,short
1968,gains
1969,dairy
1970,wonky
1971,ootid
1972,splay
1973,logos
1974,curbs
1975,agape
1976,naves
1977,kelly
1978,maize
1979,couth
1980,sicko
1981,skier
1982,sapor
1983,hakes
1984,sizes
1985,baggy
1986,malty
1987,waltz
1988,curds
1989,muley
1990,tubal
1991,dodgy
1992,realm
1993,chevy
1994,gibed
1995,ousts
1996,scoop
1997,argon
1998,plate
1999,octan
2000,troop
2001,lanes
2002,pooch
2003,suave
2004,thuja
2005,sloop
2006,borak
2007,naifs
2008,blood
2009,reals
2010,acing
2011,while
2012,temps
2013,fleck
2014,beans
2015,tabes
2016,mujik
2017,gloam
2018,hafts
2019,fifth
2020,pinny
2021,swish
2022,ghazi
2023,junco
2024,exurb
2025,hides
2026,tepid
2027,arras
2028,poofs
2029,pewit
2030,serge
2031,bangs
2032,tizzy
2033,flite
2034,roles
2035,churn
2036,babul
2037,marly
2038,scour
2039,houri
2040,highs
2041,clops
2042,plasm
2043,deans
2044,tubed
2045,sicks
2046,rinds
2047,jokes
2048,chore
2049,golfs
2050,colas
2051,broch
2052,clots
2053,gunky
2054,surfs
2055,masks
2056,gyres
2057,spiff
2058,tamer
2059,regex
2060,heths
2061,glade
2062,xxxvi
2063,grasp
2064,butyl
2065,vying
2066,pinks
2067,chubs
2068,agios
2069,bitts
2070,riser
2071,yards
2072,mowed
2073,hates
2074,silky
2075,avens
2076,hilts
2077,filed
2078,dunno
2079,vinyl
2080,whups
2081,shank
2082,beech
2083,linin
2084,crave
2085,shone
2086,mules
2087,bards
2088,money
2089,tales
2090,oiler
2091,arias
2092,peans
2093,lords
2094,gusts
2095,swami
2096,coral
2097,bines
2098,shote
2099,rooks
2100,tided
2101,umbel
2102,audit
2103,limos
2104,septa
2105,skies
2106,sebum
2107,tried
2108,hider
2109,pimps
2110,bells
2111,meson
2112,sells
2113,wryer
2114,sades
2115,goers
2116,shool
2117,neume
2118,squib
2119,duads
2120,coupe
2121,ready
2122,ivied
2123,gimpy
2124,torse
2125,carer
2126,wodge
2127,guard
2128,skirt
2129,fifty
2130,carts
2131,cylix
2132,doffs
2133,apple
2134,pucka
2135,riles
2136,chaps
2137,tiles
2138,cadge
2139,akees
2140,chyle
2141,perks
2142,pally
2143,gaffs
2144,cluck
2145,snort
2146,dinar
2147,crest
2148,coati
2149,cokes
2150,siege
2151,macro
2152,chips
2153,ictus
2154,genes
2155,singe
2156,kinda
2157,grift
2158,crack
2159,rupee
2160,dulse
2161,khans
2162,dicks
2163,plump
2164,icing
2165,dhows
2166,chemo
2167,daube
2168,needs
2169,sauce
2170,lades
2171,unlay
2172,gauze
2173,suppl
2174,remit
2175,twins
2176,loops
2177,spare
2178,rerun
2179,spiel
2180,turps
2181,facts
2182,nites
2183,abysm
2184,goons
2185,tansy
2186,zaire
2187,cline
2188,moist
2189,ozone
2190,apian
2191,cutch
2192,divvy
2193,twixt
2194,loose
2195,tamed
2196,maria
2197,spurt
2198,curie
2199,hinny
2200,villi
2201,cawed
2202,milfs
2203,smell
2204,lilac
2205,topis
2206,cower
2207,motes
2208,blase
2209,fitch
2210,scout
2211,filum
2212,mudra
2213,tryst
2214,dadas
2215,roach
2216,ukase
2217,sweat
2218,harry
2219,colic
2220,milos
2221,gross
2222,telly
2223,reest
2224,bolas
2225,reins
2226,swift
2227,still
2228,gruel
2229,swept
2230,lunar
2231,villa
2232,metic
2233,jokey
2234,alary
2235,wrist
2236,ratel
2237,debut
2238,twats
2239,hales
2240,graze
2241,jades
2242,eagle
2243,plies
2244,affix
2245,boxer
2246,trips
2247,delft
2248,input
2249,bemas
2250,bogus
2251,prink
2252,mooed
2253,never
2254,slurp
2255,truly
2256,croon
2257,sedum
2258,trope
2259,sigil
2260,flame
2261,exalt
2262,instr
2263,poxes
2264,glows
2265,bytes
2266,bebop
2267,order
2268,shiva
2269,apace
2270,varia
2271,skive
2272,valve
2273,scrag
2274,velar
2275,tigon
2276,spied
2277,mooch
2278,chewy
2279,issei
2280,cronk
2281,fanon
2282,mummy
2283,inbox
2284,leave
2285,gawky
2286,brach
2287,burrs
2288,chant
2289,saros
2290,degas
2291,liner
2292,fairs
2293,dekko
2294,cruel
2295,prate
2296,pumas
2297,pylon
2298,takes
2299,lived
2300,yucky
2301,stoop
2302,pence
2303,hazed
2304,grist
2305,wines
2306,baron
2307,joist
2308,coeds
2309,filer
2310,buteo
2311,edify
2312,urger
2313,rapes
2314,irreg
2315,hyson
2316,orate
2317,gusto
2318,fires
2319,dowry
2320,axing
2321,piled
2322,cymar
2323,pined
2324,equiv
2325,fancy
2326,umber
2327,viler
2328,molas
2329,kited
2330,delve
2331,tomes
2332,melon
2333,rajah
2334,pumps
2335,ivies
2336,exons
2337,throb
2338,elder
2339,setae
2340,cubeb
2341,flute
2342,cures
2343,quoin
2344,wetly
2345,segno
2346,blahs
2347,piers
2348,skink
2349,eject
2350,sabra
2351,dingo
2352,clash
2353,gigue
2354,jujus
2355,hover
2356,amirs
2357,evert
2358,shays
2359,lambs
2360,gonad
2361,dozes
2362,plait
2363,kings
2364,solar
2365,sabin
2366,stoma
2367,wills
2368,evict
2369,lovey
2370,skied
2371,toady
2372,brine
2373,longe
2374,coils
2375,fuses
2376,hurls
2377,filet
2378,budge
2379,keens
2380,hoist
2381,pacts
2382,dazes
2383,cards
2384,prays
2385,banjo
2386,sheer
2387,muzak
2388,fauve
2389,benny
2390,numen
2391,lobar
2392,sruti
2393,leery
2394,loved
2395,ratan
2396,blued
2397,educt
2398,unpen
2399,beefs
2400,dwell
2401,beast
2402,ancon
2403,sired
2404,whops
2405,coomb
2406,stave
2407,sties
2408,naval
2409,those
2410,lucky
2411,truss
2412,dells
2413,comdg
2414,waxes
2415,creed
2416,sylph
2417,stope
2418,zebus
2419,yodle
2420,blend
2421,venom
2422,fosse
2423,golds
2424,satay
2425,crept
2426,annas
2427,ganja
2428,beige
2429,bises
2430,kurus
2431,renin
2432,blank
2433,cabal
2434,heady
2435,polis
2436,sluff
2437,there
2438,tulip
2439,galop
2440,slice
2441,denim
2442,sises
2443,grind
2444,games
2445,livre
2446,rends
2447,topee
2448,yukky
2449,ergot
2450,cedes
2451,force
2452,stipe
2453,hazel
2454,anent
2455,rarer
2456,moggy
2457,frith
2458,beard
2459,usury
2460,pyxie
2461,meows
2462,carol
2463,jawed
2464,sheen
2465,slabs
2466,yonks
2467,minus
2468,pinto
2469,dress
2470,stint
2471,ghost
2472,solos
2473,reedy
2474,baize
2475,xylem
2476,photo
2477,saggy
2478,tacet
2479,brays
2480,narky
2481,welsh
2482,fused
2483,dados
2484,folio
2485,laird
2486,stack
2487,pixel
2488,briar
2489,culpa
2490,sopor
2491,stars
2492,bosom
2493,mauve
2494,spays
2495,goofs
2496,raker
2497,admix
2498,slobs
2499,nabob
2500,funny
2501,vigil
2502,tides
2503,whaps
2504,fango
2505,flier
2506,swamp
2507,molal
2508,usual
2509,panto
2510,butts
2511,syrup
2512,cushy
2513,plume
2514,avast
2515,senna
2516,octal
2517,raved
2518,flume
2519,dweeb
2520,scats
2521,artel
2522,ruler
2523,tenno
2524,quean
2525,sober
2526,flocs
2527,blink
2528,azure
2529,thole
2530,daces
2531,koala
2532,brood
2533,franc
2534,mayor
2535,futon
2536,dents
2537,prism
2538,natch
2539,objet
2540,stink
2541,porno
2542,fives
2543,navel
2544,rodeo
2545,kylix
2546,react
2547,recur
2548,fount
2549,scudo
2550,grace
2551,rowdy
2552,swirl
2553,luaus
2554,fossa
2555,wends
2556,haven
2557,drift
2558,delta
2559,taunt
2560,twits
2561,hoick
2562,quaky
2563,cubes
2564,frags
2565,beeps
2566,genip
2567,opals
2568,glace
2569,craal
2570,douce
2571,disks
2572,dived
2573,strop
2574,slump
2575,mamba
2576,waxed
2577,hajji
2578,morse
2579,foehn
2580,bothy
2581,larva
2582,eaten
2583,hertz
2584,topaz
2585,count
2586,pages
2587,glebe
2588,clank
2589,exits
2590,zoned
2591,astir
2592,linen
2593,wekas
2594,puppy
2595,pitas
2596,hyrax
2597,ethos
2598,mires
2599,right
2600,vagal
2601,niter
2602,bezel
2603,bowel
2604,grabs
2605,hacks
2606,psoas
2607,signs
2608,jived
2609,testy
2610,synop
2611,mitis
2612,loams
2613,aging
2614,avows
2615,tardy
2616,morel
2617,stile
2618,bocce
2619,smile
2620,cited
2621,sewer
2622,coxae
2623,bogle
2624,inane
2625,pales
2626,grots
2627,giber
2628,wagon
2629,ceria
2630,hexed
2631,jowls
2632,condo
2633,shear
2634,cores
2635,oxbow
2636,pomes
2637,hells
2638,ketch
2639,dowse
2640,domes
2641,acned
2642,wimps
2643,ouphe
2644,maybe
2645,gamba
2646,sloth
2647,safer
2648,stays
2649,mares
2650,sulfa
2651,phial
2652,medal
2653,spray
2654,cocci
2655,jurat
2656,which
2657,faked
2658,aphid
2659,paddy
2660,fakes
2661,style
2662,bleat
2663,trier
2664,micro
2665,chair
2666,soldo
2667,gears
2668,actin
2669,story
2670,cusps
2671,volts
2672,crass
2673,poker
2674,maker
2675,woman
2676,colts
2677,indue
2678,aback
2679,lindy
2680,chape
2681,kneel
2682,divas
2683,testa
2684,sasin
2685,ouzos
2686,sutra
2687,inept
2688,kalis
2689,chaff
2690,biker
2691,pelts
2692,trios
2693,rushy
2694,orbit
2695,reran
2696,litho
2697,pleat
2698,roast
2699,sieve
2700,heeds
2701,birch
2702,retro
2703,girly
2704,loons
2705,clung
2706,armor
2707,gyves
2708,wives
2709,tacit
2710,gland
2711,tapir
2712,savor
2713,peony
2714,waned
2715,seels
2716,coups
2717,clams
2718,actor
2719,sacra
2720,great
2721,redly
2722,onion
2723,odder
2724,dishy
2725,tilde
2726,staph
2727,nerdy
2728,snafu
2729,towel
2730,ollas
2731,dazed
2732,cagey
2733,hence
2734,wheel
2735,doped
2736,guilt
2737,rants
2738,soaps
2739,moles
2740,revue
2741,bipod
2742,moves
2743,burgs
2744,udder
2745,smaze
2746,midge
2747,varas
2748,loggy
2749,liken
2750,pitch
2751,drool
2752,slips
2753,croft
2754,craft
2755,adobe
2756,balky
2757,notch
2758,harpy
2759,catch
2760,hoked
2761,xxiii
2762,ogive
2763,grimy
2764,rifle
2765,nipas
2766,xebec
2767,gruff
2768,piece
2769,pecan
2770,purls
2771,muser
2772,phony
2773,honer
2774,brief
2775,rinks
2776,idler
2777,soupy
2778,costa
2779,crore
2780,redux
2781,spike
2782,monad
2783,biota
2784,lions
2785,negro
2786,codon
2787,offal
2788,ankus
2789,marry
2790,teeth
2791,dimer
2792,stork
2793,spars
2794,bolus
2795,quill
2796,sitar
2797,bloop
2798,unarm
2799,unlit
2800,setup
2801,suras
2802,dyers
2803,brass
2804,crook
2805,miked
2806,glary
2807,sinus
2808,chump
2809,comer
2810,keels
2811,selah
2812,shewn
2813,pings
2814,nylon
2815,ocean
2816,ileus
2817,elute
2818,lased
2819,reply
2820,arils
2821,bling
2822,refry
2823,fatwa
2824,bravo
2825,robed
2826,ratal
2827,clomp
2828,multi
2829,enemy
2830,draft
2831,skean
2832,dingy
2833,ridgy
2834,soups
2835,copes
2836,misdo
2837,mammy
2838,azoic
2839,names
2840,stove
2841,warts
2842,sayer
2843,juicy
2844,fared
2845,jalap
2846,spine
2847,purge
2848,quash
2849,sheep
2850,shive
2851,ideas
2852,wains
2853,tents
2854,river
2855,veery
2856,spiry
2857,rishi
2858,cusks
2859,smith
2860,skald
2861,manta
2862,woven
2863,papal
2864,month
2865,yummy
2866,graph
2867,karma
2868,women
2869,kappa
2870,routs
2871,luxes
2872,mesas
2873,rural
2874,scarp
2875,debar
2876,amass
2877,mayst
2878,basis
2879,lowly
2880,final
2881,atman
2882,awake
2883,mumps
2884,coset
2885,zooms
2886,fazes
2887,wazoo
2888,dares
2889,snaps
2890,infix
2891,price
2892,gimme
2893,swarm
2894,beams
2895,felly
2896,fouls
2897,fight
2898,shied
2899,annex
2900,belch
2901,doing
2902,laxly
2903,galls
2904,field
2905,guars
2906,iambs
2907,naris
2908,misty
2909,etude
2910,seeds
2911,flawy
2912,frena
2913,polys
2914,anime
2915,limey
2916,snarf
2917,heder
2918,taboo
2919,slops
2920,hafiz
2921,spake
2922,perse
2923,gushy
2924,gibes
2925,prats
2926,mamas
2927,covet
2928,favus
2929,taken
2930,risky
2931,raise
2932,lytic
2933,quirk
2934,corks
2935,yulan
2936,baiza
2937,uncut
2938,matin
2939,tooth
2940,prexy
2941,johns
2942,whirl
2943,dodge
2944,levee
2945,situs
2946,sunny
2947,yanks
2948,sprig
2949,hokku
2950,flake
2951,davit
2952,meths
2953,qophs
2954,chess
2955,casts
2956,venae
2957,bores
2958,ovule
2959,aural
2960,softa
2961,alums
2962,hacek
2963,chill
2964,break
2965,stook
2966,trunk
2967,unpin
2968,widen
2969,lurex
2970,smash
2971,knave
2972,dobla
2973,looby
2974,lifts
2975,coach
2976,twirl
2977,girth
2978,scorn
2979,befog
2980,apter
2981,sweep
2982,wakes
2983,sorgo
2984,laves
2985,pleas
2986,verbs
2987,cauls
2988,oleum
2989,surer
2990,stall
2991,titis
2992,combe
2993,kulak
2994,segue
2995,cella
2996,ottar
2997,lubed
2998,mater
2999,steal
3000,nards
3001,rakes
3002,barbs
3003,glitz
3004,telex
3005,soles
3006,stock
3007,works
3008,bowed
3009,chasm
3010,foxed
3011,chalk
3012,burin
3013,recto
3014,cupel
3015,folia
3016,cleat
3017,teems
3018,foils
3019,leman
3020,buxom
3021,jakes
3022,track
3023,swigs
3024,opine
3025,stuff
3026,boong
3027,ducks
3028,wheal
3029,shits
3030,owlet
3031,gluey
3032,wards
3033,burps
3034,scape
3035,touts
3036,tunic
3037,sooth
3038,cubed
3039,bales
3040,coast
3041,nippy
3042,traps
3043,bulls
3044,guess
3045,nutty
3046,hogan
3047,suite
3048,sappy
3049,avers
3050,mimer
3051,crump
3052,facet
3053,hopes
3054,epoxy
3055,junky
3056,aglet
3057,saute
3058,sager
3059,hiked
3060,ravel
3061,nears
3062,fumed
3063,nuked
3064,ephah
3065,freer
3066,hardy
3067,chafe
3068,aurum
3069,whsle
3070,hocus
3071,smuts
3072,verve
3073,deity
3074,amour
3075,flaws
3076,punks
3077,skirr
3078,rouse
3079,ginny
3080,jihad
3081,banns
3082,slime
3083,carve
3084,clubs
3085,oohed
3086,spice
3087,shoos
3088,forgo
3089,devil
3090,house
3091,fully
3092,moots
3093,canes
3094,hanky
3095,bahts
3096,pulps
3097,canto
3098,loafs
3099,burry
3100,fells
3101,gates
3102,aches
3103,weepy
3104,alack
3105,mimic
3106,stood
3107,nosed
3108,strow
3109,fetor
3110,minor
3111,popup
3112,cager
3113,press
3114,hypos
3115,boots
3116,kites
3117,quota
3118,joust
3119,frost
3120,juice
3121,poise
3122,scabs
3123,yokel
3124,wisps
3125,mossy
3126,rails
3127,frill
3128,xxxix
3129,upend
3130,enate
3131,admit
3132,erugo
3133,ferry
3134,tenet
3135,cafes
3136,chron
3137,curls
3138,coney
3139,humor
3140,build
3141,ought
3142,dorms
3143,goths
3144,ditsy
3145,cirri
3146,manas
3147,mazer
3148,habit
3149,orcas
3150,sonic
3151,piper
3152,piano
3153,dings
3154,songs
3155,boons
3156,logan
3157,twist
3158,mince
3159,serer
3160,burke
3161,putto
3162,gemmy
3163,avail
3164,alpha
3165,bimbo
3166,fluor
3167,modal
3168,lexis
3169,bilks
3170,odeon
3171,expel
3172,tetra
3173,murky
3174,slits
3175,quilt
3176,scags
3177,sooty
3178,tonic
3179,squid
3180,ileum
3181,being
3182,ankhs
3183,penna
3184,elemi
3185,junta
3186,broth
3187,chiao
3188,emmer
3189,joins
3190,flogs
3191,sculp
3192,means
3193,third
3194,cheep
3195,yogis
3196,sixth
3197,whiff
3198,roger
3199,noway
3200,alike
3201,conch
3202,torso
3203,downy
3204,rocky
3205,aegis
3206,thief
3207,rebid
3208,eaves
3209,shows
3210,sofas
3211,zayin
3212,curdy
3213,stoic
3214,poets
3215,gamed
3216,hotel
3217,cotta
3218,drake
3219,chads
3220,silks
3221,bowse
3222,crays
3223,grill
3224,plats
3225,geest
3226,areal
3227,karts
3228,cocoa
3229,slide
3230,risks
3231,abets
3232,ducky
3233,secco
3234,biped
3235,jenny
3236,rummy
3237,verge
3238,swain
3239,relax
3240,wispy
3241,cakes
3242,vanda
3243,nisus
3244,prank
3245,parts
3246,bough
3247,clown
3248,jails
3249,adage
3250,saith
3251,seals
3252,thews
3253,japan
3254,barfs
3255,velds
3256,senor
3257,sates
3258,overs
3259,fests
3260,tache
3261,paras
3262,poops
3263,fluff
3264,dippy
3265,tombs
3266,abort
3267,duped
3268,vower
3269,nixed
3270,frees
3271,wrung
3272,wormy
3273,clews
3274,rhino
3275,mated
3276,stoup
3277,digit
3278,demur
3279,where
3280,squad
3281,speck
3282,genic
3283,aeons
3284,omens
3285,sluts
3286,foots
3287,biffs
3288,amnio
3289,belay
3290,guyot
3291,meets
3292,maims
3293,camps
3294,rooms
3295,ulcer
3296,deary
3297,parry
3298,clays
3299,odeum
3300,thumb
3301,peppy
3302,neral
3303,archt
3304,tarot
3305,skeps
3306,snood
3307,queer
3308,runic
3309,clomb
3310,print
3311,eerie
3312,gilds
3313,burbs
3314,dozer
3315,slype
3316,irony
3317,faded
3318,busby
3319,light
3320,thuya
3321,gnaws
3322,forum
3323,zetas
3324,rusks
3325,glean
3326,assai
3327,fermi
3328,eight
3329,troth
3330,igloo
3331,shook
3332,ambit
3333,taper
3334,lined
3335,divan
3336,gussy
3337,fifer
3338,liven
3339,metes
3340,clave
3341,thane
3342,naevi
3343,mirth
3344,colly
3345,tapes
3346,howls
3347,truck
3348,tares
3349,wadis
3350,whale
3351,smoko
3352,wacke
3353,ichor
3354,nitty
3355,pangs
3356,desks
3357,swabs
3358,kraft
3359,mined
3360,diode
3361,leaps
3362,plant
3363,krone
3364,joyed
3365,pends
3366,knife
3367,lardy
3368,rucks
3369,radio
3370,nooks
3371,jiffy
3372,septs
3373,swage
3374,kolas
3375,reads
3376,toddy
3377,rayon
3378,boors
3379,bluet
3380,scold
3381,glans
3382,mange
3383,aitch
3384,cooed
3385,yours
3386,scuba
3387,eruct
3388,hinds
3389,hydro
3390,alien
3391,copay
3392,korma
3393,loden
3394,crams
3395,cutie
3396,plebe
3397,kanji
3398,sunup
3399,hypha
3400,brute
3401,bands
3402,bares
3403,halos
3404,cramp
3405,navvy
3406,furan
3407,briny
3408,cuppa
3409,ephor
3410,zibet
3411,genie
3412,zebra
3413,sheaf
3414,coyer
3415,felts
3416,scamp
3417,nulls
3418,sarky
3419,moods
3420,dials
3421,corns
3422,mason
3423,phage
3424,tango
3425,darns
3426,larum
3427,touch
3428,conto
3429,marks
3430,lushy
3431,fonts
3432,solus
3433,braxy
3434,anima
3435,merge
3436,ariel
3437,milch
3438,lakes
3439,trade
3440,dates
3441,width
3442,bouts
3443,trull
3444,sherd
3445,staff
3446,pries
3447,power
3448,lowed
3449,flops
3450,braid
3451,viand
3452,salmi
3453,clerk
3454,unbar
3455,tabor
3456,beget
3457,slimy
3458,knout
3459,fjeld
3460,oozed
3461,dwelt
3462,tykes
3463,trial
3464,melee
3465,marts
3466,nance
3467,likes
3468,marls
3469,unsex
3470,mikva
3471,hills
3472,nonce
3473,fluky
3474,rumps
3475,mousy
3476,slays
3477,barmy
3478,borax
3479,apsis
3480,arsis
3481,craws
3482,spuds
3483,opens
3484,event
3485,dolly
3486,hosed
3487,psalm
3488,soave
3489,nisei
3490,tepee
3491,slogs
3492,lipid
3493,value
3494,lurks
3495,shred
3496,brose
3497,limbo
3498,bakes
3499,fades
3500,slack
3501,furor
3502,snoop
3503,train
3504,feces
3505,idols
3506,choir
3507,brick
3508,grown
3509,lefty
3510,clans
3511,pilot
3512,fable
3513,spang
3514,prude
3515,ernes
3516,manna
3517,bonne
3518,anted
3519,namer
3520,spicy
3521,cabob
3522,outre
3523,sedgy
3524,bases
3525,horse
3526,flees
3527,noses
3528,abate
3529,besom
3530,sarge
3531,manly
3532,rests
3533,lauds
3534,foals
3535,palms
3536,slope
3537,fleam
3538,pills
3539,halve
3540,burst
3541,soaks
3542,germy
3543,skins
3544,wizes
3545,diver
3546,loper
3547,paves
3548,radix
3549,avert
3550,roans
3551,vesta
3552,aeron
3553,engin
3554,bread
3555,jatos
3556,haole
3557,peaks
3558,eyrir
3559,fiver
3560,buoys
3561,artsy
3562,crypt
3563,wooed
3564,odors
3565,abele
3566,cowls
3567,hexer
3568,waist
3569,inner
3570,palmy
3571,moues
3572,saber
3573,dying
3574,sally
3575,dines
3576,table
3577,neaps
3578,recap
3579,farms
3580,chain
3581,lures
3582,lopes
3583,chest
3584,blurb
3585,maxed
3586,decaf
3587,tacos
3588,mirin
3589,cello
3590,cruet
3591,asdic
3592,drear
3593,cadre
3594,modem
3595,overt
3596,slows
3597,mogul
3598,dilly
3599,lated
3600,titan
3601,salve
3602,marka
3603,rejig
3604,poesy
3605,horst
3606,handy
3607,dozen
3608,snots
3609,point
3610,awful
3611,deice
3612,fails
3613,tummy
3614,atilt
3615,pekan
3616,areas
3617,mokes
3618,palsy
3619,ceorl
3620,pawed
3621,combo
3622,joule
3623,three
3624,smear
3625,plica
3626,cuter
3627,summa
3628,newts
3629,genet
3630,lippy
3631,terry
3632,watts
3633,gorge
3634,osmic
3635,plops
3636,caved
3637,abbes
3638,waken
3639,amity
3640,skits
3641,tolly
3642,hears
3643,limes
3644,assoc
3645,crine
3646,heart
3647,edged
3648,demob
3649,irked
3650,pules
3651,gamey
3652,sling
3653,rhumb
3654,steep
3655,equip
3656,pails
3657,mamey
3658,range
3659,catty
3660,hawse
3661,horol
3662,tical
3663,steps
3664,torsk
3665,cells
3666,minks
3667,exine
3668,recce
3669,xeric
3670,plaid
3671,weens
3672,creak
3673,riels
3674,comfy
3675,fiats
3676,askew
3677,whelk
3678,peaty
3679,gores
3680,harps
3681,fluke
3682,nappy
3683,faxes
3684,abbey
3685,bandy
3686,dower
3687,mauls
3688,auric
3689,rebel
3690,toffs
3691,shams
3692,grout
3693,hoods
3694,jacal
3695,klutz
3696,emery
3697,imago
3698,eater
3699,contr
3700,fools
3701,slink
3702,tarsi
3703,pulpy
3704,distr
3705,taxis
3706,ascus
3707,spiky
3708,lefts
3709,helps
3710,voice
3711,bides
3712,ebbed
3713,ashes
3714,peace
3715,wanna
3716,slews
3717,shyer
3718,anoas
3719,weigh
3720,xenon
3721,loath
3722,marge
3723,fitly
3724,sudsy
3725,drops
3726,genro
3727,mixed
3728,mohur
3729,scans
3730,gride
3731,merit
3732,iodic
3733,grand
3734,sheet
3735,cobra
3736,vowed
3737,wring
3738,herby
3739,ennui
3740,pussy
3741,hefts
3742,pekoe
3743,boars
3744,unfed
3745,haler
3746,yowls
3747,sauna
3748,infra
3749,cults
3750,memos
3751,carom
3752,fagot
3753,geeky
3754,jimmy
3755,noose
3756,limns
3757,cozen
3758,raged
3759,dungs
3760,alula
3761,newly
3762,nidus
3763,grail
3764,mimes
3765,verst
3766,fubsy
3767,zilch
3768,lobed
3769,dykes
3770,scuts
3771,chimb
3772,chews
3773,bride
3774,whish
3775,islet
3776,pains
3777,ewers
3778,dames
3779,henna
3780,kopje
3781,delay
3782,weeds
3783,opted
3784,orals
3785,panga
3786,cocky
3787,socks
3788,gizmo
3789,kayak
3790,aloft
3791,stupa
3792,acari
3793,bated
3794,mimed
3795,mates
3796,molls
3797,depot
3798,monas
3799,areca
3800,lorry
3801,awash
3802,troll
3803,oriel
3804,goyim
3805,threw
3806,sushi
3807,doyen
3808,sprog
3809,trike
3810,stich
3811,pocky
3812,gorse
3813,domed
3814,scrub
3815,allay
3816,motte
3817,bumpy
3818,shahs
3819,uveas
3820,shims
3821,ripen
3822,filch
3823,spear
3824,watch
3825,craze
3826,totes
3827,birls
3828,cysts
3829,liked
3830,roper
3831,leans
3832,stout
3833,flood
3834,loach
3835,lulus
3836,aldol
3837,flirt
3838,sagas
3839,bairn
3840,slunk
3841,dolls
3842,borer
3843,taser
3844,ember
3845,burly
3846,ether
3847,humpy
3848,vixen
3849,yokes
3850,booms
3851,okays
3852,trave
3853,parve
3854,cleft
3855,dense
3856,cynic
3857,rings
3858,demon
3859,algor
3860,redye
3861,yeast
3862,thunk
3863,gamin
3864,tongs
3865,raked
3866,hokes
3867,lough
3868,owing
3869,vapor
3870,esker
3871,salol
3872,equal
3873,solid
3874,pants
3875,flack
3876,mamma
3877,braze
3878,huffs
3879,kheda
3880,today
3881,farcy
3882,boost
3883,taste
3884,guyed
3885,ninon
3886,jerky
3887,tract
3888,luffa
3889,polls
3890,arbor
3891,lanai
3892,hones
3893,bubba
3894,torch
3895,tater
3896,mouth
3897,papas
3898,silva
3899,scrim
3900,liber
3901,hoary
3902,sassy
3903,aggie
3904,sumac
3905,torah
3906,drone
3907,yobbo
3908,alert
3909,jemmy
3910,camel
3911,exams
3912,erose
3913,quays
3914,culex
3915,argot
3916,jumpy
3917,famed
3918,rifer
3919,clogs
3920,stews
3921,anole
3922,kinas
3923,debts
3924,goner
3925,dinge
3926,agree
3927,monks
3928,whens
3929,muddy
3930,crags
3931,muons
3932,japes
3933,lever
3934,fazed
3935,admen
3936,lavas
3937,ships
3938,reuse
3939,lying
3940,drain
3941,ulnae
3942,faqir
3943,guano
3944,beets
3945,smoke
3946,aurar
3947,ephod
3948,forme
3949,redid
3950,schwa
3951,toque
3952,bayed
3953,urged
3954,piped
3955,hinge
3956,sonde
3957,feign
3958,fetal
3959,mingy
3960,broil
3961,bevel
3962,voila
3963,carpi
3964,hobos
3965,rales
3966,talon
3967,bongs
3968,radii
3969,adieu
3970,occur
3971,acred
3972,grows
3973,tears
3974,merle
3975,merry
3976,vagus
3977,crabs
3978,presa
3979,cinch
3980,carry
3981,musty
3982,daunt
3983,whiny
3984,waved
3985,pilaf
3986,whirs
3987,spite
3988,wreak
3989,gifts
3990,sprag
3991,looms
3992,weest
3993,waits
3994,alive
3995,draws
3996,plied
3997,baser
3998,zebec
3999,argue
4000,ambos
4001,bruit
4002,lyres
4003,huzza
4004,coves
4005,thing
4006,hazer
4007,feast
4008,chink
4009,fiber
4010,fadge
4011,needy
4012,trill
4013,midst
4014,musts
4015,wally
4016,zamia
4017,rimes
4018,blear
4019,lakhs
4020,solan
4021,thigh
4022,phish
4023,gamps
4024,gases
4025,snits
4026,unset
4027,platy
4028,fever
4029,fetes
4030,royal
4031,quail
4032,pungy
4033,hoses
4034,brawn
4035,uhlan
4036,unrig
4037,meant
4038,lames
4039,goosy
4040,abohm
4041,hubby
4042,lento
4043,hours
4044,pekes
4045,tight
4046,moper
4047,mynas
4048,untie
4049,pouty
4050,bursa
4051,drove
4052,runny
4053,quoit
4054,kraut
4055,miser
4056,winos
4057,blond
4058,rosin
4059,pored
4060,roofs
4061,cheek
4062,curse
4063,matey
4064,dumps
4065,kiddo
4066,bawds
4067,prune
4068,larch
4069,yappy
4070,debus
4071,hokey
4072,obeys
4073,squab
4074,tempt
4075,mulla
4076,heats
4077,samey
4078,avoid
4079,nates
4080,fixed
4081,allyl
4082,botel
4083,jinns
4084,razes
4085,lumen
4086,pavan
4087,ruins
4088,stone
4089,pared
4090,doers
4091,flaps
4092,axiom
4093,exile
4094,turfy
4095,jinni
4096,vatic
4097,gloze
4098,hings
4099,dicer
4100,worry
4101,veers
4102,sleds
4103,inter
4104,pubis
4105,emirs
4106,inkle
4107,melts
4108,ocrea
4109,harts
4110,guaco
4111,waves
4112,rajas
4113,pinup
4114,lenis
4115,swoon
4116,dhobi
4117,numbs
4118,boils
4119,altos
4120,imine
4121,yearn
4122,ruled
4123,wares
4124,mists
4125,itchy
4126,haunt
4127,torts
4128,cully
4129,snack
4130,pears
4131,begum
4132,smock
4133,quins
4134,coste
4135,naiad
4136,looks
4137,slake
4138,ropes
4139,sinew
4140,hemal
4141,unity
4142,gauzy
4143,leads
4144,epode
4145,wages
4146,filth
4147,droll
4148,thaws
4149,squat
4150,fichu
4151,urine
4152,goats
4153,pervs
4154,bidet
4155,reeks
4156,gowan
4157,drawn
4158,coyly
4159,hulas
4160,fists
4161,moped
4162,truce
4163,smote
4164,paean
4165,dicta
4166,lubra
4167,canty
4168,erode
4169,gored
4170,barer
4171,brash
4172,mussy
4173,kebab
4174,algin
4175,viral
4176,genii
4177,goose
4178,treen
4179,coles
4180,crude
4181,taiga
4182,lucks
4183,ruses
4184,berry
4185,obese
4186,firth
4187,jello
4188,loess
4189,poked
4190,error
4191,biers
4192,beach
4193,renal
4194,burka
4195,wonks
4196,jocko
4197,patsy
4198,spivs
4199,latex
4200,shads
4201,raper
4202,rungs
4203,frosh
4204,brook
4205,sapid
4206,echos
4207,hedge
4208,groom
4209,shall
4210,femme
4211,ethic
4212,liard
4213,scrum
4214,these
4215,woozy
4216,tufty
4217,hexes
4218,memes
4219,flues
4220,cable
4221,isles
4222,hiker
4223,denom
4224,tithe
4225,plane
4226,scowl
4227,spies
4228,baits
4229,slurs
4230,whist
4231,moody
4232,raspy
4233,neigh
4234,binal
4235,bobby
4236,enjoy
4237,rajes
4238,tenge
4239,beads
4240,hemic
4241,mommy
4242,gyros
4243,furry
4244,straw
4245,brain
4246,brush
4247,kendo
4248,libra
4249,okras
4250,serum
4251,kudus
4252,bight
4253,calve
4254,adios
4255,lance
4256,onset
4257,dicot
4258,maven
4259,matte
4260,wanks
4261,laugh
4262,uncap
4263,magma
4264,pungs
4265,dross
4266,techy
4267,crony
4268,mufti
4269,adore
4270,peril
4271,glues
4272,fiscs
4273,wield
4274,coble
4275,noble
4276,soars
4277,fuggy
4278,tired
4279,optic
4280,obeah
4281,modes
4282,makes
4283,nival
4284,istle
4285,farts
4286,abode
4287,legit
4288,nacre
4289,fatty
4290,faker
4291,ended
4292,races
4293,curer
4294,stomp
4295,amino
4296,stets
4297,goral
4298,dawns
4299,akene
4300,makos
4301,elect
4302,firer
4303,chivy
4304,flips
4305,fordo
4306,upper
4307,gurge
4308,paces
4309,vests
4310,trend
4311,cleek
4312,scums
4313,chock
4314,alias
4315,noons
4316,bonks
4317,moldy
4318,coder
4319,dangs
4320,zonal
4321,solve
4322,abuzz
4323,chick
4324,spank
4325,douse
4326,after
4327,evite
4328,droit
4329,spade
4330,moire
4331,cohos
4332,lotus
4333,lynch
4334,slosh
4335,salon
4336,baccy
4337,imper
4338,limps
4339,rondo
4340,egger
4341,moony
4342,tabby
4343,hares
4344,skeet
4345,parol
4346,stunk
4347,brews
4348,rooky
4349,tails
4350,meats
4351,aware
4352,sleet
4353,muted
4354,timid
4355,bosky
4356,smelt
4357,shops
4358,dirge
4359,ghees
4360,picky
4361,volar
4362,cacao
4363,towns
4364,chimp
4365,conks
4366,blabs
4367,loves
4368,auras
4369,nyala
4370,croup
4371,envoi
4372,tease
4373,stroy
4374,geeks
4375,aroid
4376,snipe
4377,start
4378,felon
4379,motor
4380,reive
4381,stair
4382,adzes
4383,jells
4384,sable
4385,apron
4386,poufs
4387,cease
4388,pasts
4389,state
4390,proof
4391,lurid
4392,bared
4393,bound
4394,campy
4395,boobs
4396,bream
4397,culet
4398,fauna
4399,mania
4400,acerb
4401,evils
4402,lyric
4403,butch
4404,opahs
4405,jorum
4406,oldie
4407,chirp
4408,bendy
4409,ganef
4410,sills
4411,frets
4412,stang
4413,swell
4414,metal
4415,dowdy
4416,chomp
4417,nudes
4418,wefts
4419,pulse
4420,scone
4421,argal
4422,drums
4423,aglow
4424,deeps
4425,tuner
4426,perdu
4427,brock
4428,diffs
4429,helms
4430,withe
4431,immix
4432,meiny
4433,choke
4434,speak
4435,charm
4436,gulfs
4437,surds
4438,flong
4439,asper
4440,bails
4441,bigot
4442,chary
4443,caulk
4444,gnats
4445,tutti
4446,excel
4447,loser
4448,yurts
4449,abeam
4450,grope
4451,gourd
4452,murks
4453,chows
4454,quake
4455,quips
4456,lemur
4457,zesty
4458,galas
4459,stops
4460,garbs
4461,gamer
4462,palls
4463,prize
4464,pshaw
4465,cukes
4466,endue
4467,frump
4468,faces
4469,least
4470,milit
4471,stoke
4472,trice
4473,honky
4474,torii
4475,roots
4476,scent
4477,inert
4478,accel
4479,coypu
4480,jurel
4481,baaed
4482,pocks
4483,mafia
4484,lathy
4485,pubic
4486,cutey
4487,clued
4488,ebony
4489,hooey
4490,ocher
4491,pints
4492,dudes
4493,satem
4494,pupal
4495,topog
4496,monde
4497,rally
4498,boded
4499,hoped
4500,forte
4501,dicky
4502,dices
4503,ditty
4504,rathe
4505,taker
4506,bagel
4507,venal
4508,bossy
4509,lines
4510,chela
4511,party
4512,inure
4513,byway
4514,boggy
4515,xviii
4516,plaza
4517,servo
4518,plots
4519,plods
4520,whats
4521,atlas
4522,fader
4523,shend
4524,riots
4525,byres
4526,rival
4527,blurs
4528,tusks
4529,civil
4530,xxxiv
4531,humus
4532,krill
4533,calms
4534,blade
4535,mushy
4536,morns
4537,quire
4538,imbue
4539,fungi
4540,okapi
4541,donor
4542,snows
4543,rusts
4544,funks
4545,malls
4546,sural
4547,pouch
4548,miles
4549,grump
4550,yelps
4551,begin
4552,pools
4553,skews
4554,weary
4555,night
4556,glide
4557,demit
4558,semis
4559,vampy
4560,nicer
4561,madly
4562,sully
4563,snags
4564,covey
4565,gavel
4566,veils
4567,ovolo
4568,synod
4569,older
4570,broom
4571,award
4572,wooer
4573,gabby
4574,amide
4575,curia
4576,drink
4577,chook
4578,hilum
4579,ladle
4580,hobby
4581,toast
4582,doges
4583,teens
4584,satin
4585,hexad
4586,outta
4587,lisps
4588,gaily
4589,nonet
4590,ramps
4591,lilts
4592,limed
4593,level
4594,holes
4595,booty
4596,array
4597,terce
4598,lytta
4599,peeks
4600,gloms
4601,truer
4602,gesso
4603,elope
4604,nelly
4605,hirer
4606,feeds
4607,tangy
4608,scree
4609,forty
4610,umiak
4611,barye
4612,ascot
4613,juror
4614,chare
4615,hussy
4616,pampa
4617,repay
4618,brows
4619,dandy
4620,wroth
4621,pearl
4622,veeps
4623,pitta
4624,gable
4625,niche
4626,duomo
4627,falls
4628,raves
4629,burns
4630,hasps
4631,swizz
4632,gelds
4633,skoal
4634,vertu
4635,amber
4636,notes
4637,pivot
4638,inurn
4639,humid
4640,flail
4641,creep
4642,gonif
4643,clits
4644,oping
4645,sexes
4646,pagan
4647,prang
4648,wants
4649,sepia
4650,niece
4651,lusty
4652,dummy
4653,claim
4654,plumb
4655,haply
4656,blaze
4657,fugal
4658,snail
4659,purer
4660,tanka
4661,ardor
4662,waled
4663,gleet
4664,trams
4665,given
4666,child
4667,coxed
4668,idiom
4669,snout
4670,prawn
4671,words
4672,stogy
4673,thorp
4674,tools
4675,finch
4676,runts
4677,lares
4678,weald
4679,moray
4680,foods
4681,newsy
4682,antiq
4683,young
4684,abyss
4685,tiara
4686,dizzy
4687,loins
4688,aport
4689,rivet
4690,vamps
4691,elves
4692,fluid
4693,email
4694,sandy
4695,dacha
4696,nasal
4697,shalt
4698,fluty
4699,anvil
4700,myall
4701,blare
4702,model
4703,blunt
4704,canna
4705,walls
4706,scare
4707,boles
4708,doggy
4709,prick
4710,cater
4711,loads
4712,vigor
4713,foggy
4714,funds
4715,yawps
4716,wersh
4717,perry
4718,blimp
4719,decks
4720,lathe
4721,mower
4722,woofs
4723,wails
4724,bumph
4725,finer
4726,riffs
4727,puler
4728,zooid
4729,solon
4730,tough
4731,noise
4732,potto
4733,grade
4734,knack
4735,berms
4736,petal
4737,cogon
4738,mocha
4739,heist
4740,sperm
4741,miens
4742,lidos
4743,kvass
4744,luffs
4745,apnea
4746,spues
4747,belly
4748,qibla
4749,pious
4750,yeans
4751,ceder
4752,cubit
4753,fusil
4754,taros
4755,gimel
4756,logon
4757,naker
4758,miter
4759,quest
4760,vasty
4761,sucks
4762,lunge
4763,types
4764,qualm
4765,jambs
4766,taxon
4767,capos
4768,loupe
4769,bovid
4770,taler
4771,scalp
4772,soils
4773,frats
4774,balas
4775,kneed
4776,louts
4777,verso
4778,alkyl
4779,macho
4780,gusty
4781,potty
4782,molar
4783,rises
4784,robes
4785,moxie
4786,fayer
4787,skunk
4788,coley
4789,yogic
4790,carse
4791,bulge
4792,prosy
4793,oaken
4794,vegan
4795,seats
4796,plain
4797,spurs
4798,eking
4799,resin
4800,gives
4801,magic
4802,czars
4803,asset
4804,laths
4805,shard
4806,flora
4807,leges
4808,sower
4809,roods
4810,malts
4811,coaly
4812,often
4813,swaps
4814,araks
4815,horal
4816,dusky
4817,tones
4818,manat
4819,erect
4820,fishy
4821,sings
4822,cooky
4823,arete
4824,estop
4825,grans
4826,bears
4827,caked
4828,kaphs
4829,spews
4830,whoso
4831,sizer
4832,began
4833,numis
4834,nomen
4835,pasty
4836,frons
4837,cimex
4838,white
4839,teaks
4840,ankle
4841,lives
4842,proms
4843,outed
4844,sized
4845,veges
4846,cocks
4847,strep
4848,rawer
4849,lured
4850,saint
4851,acute
4852,yetis
4853,didst
4854,saker
4855,ferns
4856,hyena
4857,etnas
4858,souse
4859,mothy
4860,quint
4861,copse
4862,halls
4863,lolls
4864,spook
4865,laker
4866,bluer
4867,bland
4868,ohmic
4869,slash
4870,venin
4871,under
4872,floss
4873,quart
4874,riled
4875,besot
4876,noted
4877,saner
4878,veiny
4879,water
4880,alter
4881,peags
4882,packs
4883,innit
4884,babel
4885,folic
4886,cymes
4887,wands
4888,sycee
4889,gated
4890,waver
4891,ensue
4892,based
4893,topic
4894,betas
4895,aorta
4896,wrens
4897,swags
4898,trass
4899,rigor
4900,pulas
4901,ruddy
4902,strip
4903,ingle
4904,caret
4905,sided
4906,parse
4907,dolts
4908,ramie
4909,oddly
4910,minds
4911,honks
4912,bifid
4913,yells
4914,prone
4915,finny
4916,fowls
4917,omits
4918,banes
4919,nohow
4920,ceric
4921,thees
4922,chine
4923,coria
4924,bylaw
4925,boozy
4926,ailed
4927,botch
4928,smoky
4929,tuned
4930,quids
4931,scuds
4932,floor
4933,until
4934,oaths
4935,fears
4936,poses
4937,below
4938,pheon
4939,bedew
4940,human
4941,trail
4942,deter
4943,aside
4944,lisle
4945,swing
4946,feria
4947,erred
4948,dried
4949,grebe
4950,elfin
4951,apart
4952,dosed
4953,fetid
4954,balmy
4955,duple
4956,booze
4957,plans
4958,boned
4959,learn
4960,pinta
4961,steed
4962,alder
4963,seine
4964,spall
4965,stamp
4966,nodus
4967,fines
4968,haulm
4969,twink
4970,dowel
4971,bests
4972,homos
4973,owned
4974,bunts
4975,tinge
4976,units
4977,nymph
4978,ideal
4979,blips
4980,pixie
4981,longs
4982,ingot
4983,angst
4984,tells
4985,miffs
4986,weave
4987,gonzo
4988,wheen
4989,annoy
4990,pooka
4991,poons
4992,sadhu
4993,razor
4994,kebob
4995,witty
4996,turfs
4997,halal
4998,gills
4999,penny
5000,tweed
5001,pause
5002,brier
5003,toped
5004,crock
5005,tammy
5006,prove
5007,snobs
5008,jibed
5009,belie
5010,pikes
5011,feted
5012,durst
5013,tiffs
5014,blast
5015,zippy
5016,yenta
5017,pesos
5018,silty
5019,adown
5020,stupe
5021,dynes
5022,gigot
5023,deism
5024,fetus
5025,lunch
5026,lubes
5027,treat
5028,vireo
5029,defog
5030,ganof
5031,nouns
5032,seize
5033,poddy
5034,paged
5035,munch
5036,idles
5037,paler
5038,vasts
5039,witch
5040,infin
5041,demos
5042,deals
5043,heath
5044,beano
5045,bolos
5046,lamps
5047,civic
5048,thuds
5049,donas
5050,awoke
5051,comps
5052,space
5053,toxic
5054,group
5055,copal
5056,batty
5057,zingy
5058,pager
5059,jaggy
5060,wings
5061,bates
5062,gouty
5063,worst
5064,kikes
5065,kabob
5066,might
5067,aloud
5068,coign
5069,sonar
5070,pithy
5071,randy
5072,emote
5073,fremd
5074,atrip
5075,raver
5076,foxes
5077,dregs
5078,coirs
5079,vocab
5080,lower
5081,jiffs
5082,evens
5083,poods
5084,seven
5085,broad
5086,foamy
5087,klong
5088,glare
5089,ruche
5090,evade
5091,biter
5092,repro
5093,retie
5094,fixer
5095,tarty
5096,clary
5097,quine
5098,prose
5099,bolls
5100,meany
5101,gotta
5102,diwan
5103,lobes
5104,molly
5105,glede
5106,chugs
5107,cache
5108,hovel
5109,hyper
5110,culms
5111,altar
5112,dread
5113,audio
5114,fugue
5115,spell
5116,slept
5117,bombs
5118,shelf
5119,tilth
5120,paint
5121,manse
5122,barit
5123,scrog
5124,dooms
5125,repel
5126,lamas
5127,shoot
5128,bwana
5129,sepal
5130,pasha
5131,doper
5132,pupil
5133,mired
5134,churr
5135,inorg
5136,radar
5137,easel
5138,unbid
5139,labia
5140,boart
5141,bushy
5142,vexes
5143,topes
5144,claws
5145,tribe
5146,spend
5147,drily
5148,daffy
5149,weans
5150,cites
5151,extol
5152,ilium
5153,stirs
5154,inion
5155,allow
5156,rangy
5157,groks
5158,nitro
5159,yawns
5160,flush
5161,hayed
5162,spiny
5163,rafts
5164,above
5165,floes
5166,resow
5167,gemot
5168,elide
5169,kiang
5170,oinks
5171,mines
5172,gazes
5173,aloin
5174,ample
5175,tiger
5176,grove
5177,fecal
5178,sends
5179,ceros
5180,calks
5181,awing
5182,hairs
5183,flank
5184,shots
5185,aspic
5186,amaze
5187,buran
5188,moans
5189,chard
5190,poler
5191,flint
5192,dutch
5193,lyses
5194,spawn
5195,braes
5196,frore
5197,zarfs
5198,ragas
5199,wired
5200,alate
5201,rapid
5202,crush
5203,spitz
5204,gater
5205,wurst
5206,smite
5207,sight
5208,frizz
5209,whelp
5210,datum
5211,dusty
5212,retch
5213,maund
5214,colds
5215,leaks
5216,venge
5217,trots
5218,chief
5219,mangy
5220,afire
5221,auxin
5222,henge
5223,pinky
5224,links
5225,hunts
5226,lutes
5227,vials
5228,anile
5229,ratio
5230,thick
5231,tyros
5232,toyed
5233,sheik
5234,tonga
5235,usurp
5236,antsy
5237,bunco
5238,locos
5239,darky
5240,chyme
5241,sough
5242,brigs
5243,lease
5244,comes
5245,thrum
5246,parch
5247,baler
5248,sneck
5249,spoil
5250,nones
5251,cornu
5252,lotas
5253,eases
5254,doubt
5255,fumes
5256,grunt
5257,spats
5258,glory
5259,diary
5260,twine
5261,ruder
5262,forts
5263,hulks
5264,grits
5265,hairy
5266,aquas
5267,speos
5268,manor
5269,kohls
5270,messy
5271,rives
5272,napes
5273,thebe
5274,vised
5275,idiot
5276,lazed
5277,lists
5278,joker
5279,reels
5280,lusts
5281,thill
5282,mesne
5283,lucid
5284,cloth
5285,hewer
5286,limen
5287,cilia
5288,puree
5289,taffy
5290,peeps
5291,ayins
5292,codes
5293,feeze
5294,vases
5295,vulva
5296,maser
5297,ruing
5298,armed
5299,racks
5300,weeks
5301,boast
5302,jerks
5303,grass
5304,infer
5305,targe
5306,folks
5307,quass
5308,stirk
5309,teeny
5310,knurl
5311,piked
5312,cecum
5313,choli
5314,satyr
5315,ceres
5316,flout
5317,froze
5318,fends
5319,ranee
5320,labor
5321,sting
5322,repps
5323,ambry
5324,plunk
5325,lawns
5326,skill
5327,mucin
5328,deems
5329,agron
5330,ivory
5331,voile
5332,hided
5333,hocks
5334,silts
5335,roust
5336,sofar
5337,await
5338,rices
5339,honed
5340,garth
5341,execs
5342,dogma
5343,spoof
5344,rille
5345,cools
5346,cryst
5347,bogey
5348,crwth
5349,bocci
5350,nodes
5351,togas
5352,harsh
5353,comma
5354,redan
5355,sakes
5356,vales
5357,ramen
5358,elate
5359,butut
5360,stagy
5361,cotes
5362,beaux
5363,manes
5364,fangs
5365,dinky
5366,quads
5367,lodge
5368,spumy
5369,agric
5370,tamis
5371,hives
5372,diets
5373,faves
5374,sisal
5375,sputa
5376,terns
5377,firms
5378,gapes
5379,smirk
5380,snarl
5381,balms
5382,drama
5383,hilly
5384,nigga
5385,kotos
5386,rides
5387,mages
5388,hurts
5389,paeon
5390,genre
5391,wussy
5392,lemma
5393,bitty
5394,squaw
5395,backs
5396,laden
5397,anger
5398,video
5399,visit
5400,chuck
5401,rotls
5402,glass
5403,scene
5404,folly
5405,hater
5406,clime
5407,psych
5408,takin
5409,intro
5410,sorbs
5411,swart
5412,syncs
5413,grime
5414,leaky
5415,lxvii
5416,gilts
5417,fritz
5418,place
5419,ticks
5420,bouse
5421,theca
5422,fifes
5423,stale
5424,would
5425,screw
5426,folds
5427,kauri
5428,calls
5429,emmet
5430,hemin
5431,latte
5432,sulky
5433,musky
5434,bench
5435,troys
5436,adult
5437,genus
5438,corny
5439,truth
5440,snuff
5441,belga
5442,mewed
5443,ogeed
5444,jerry
5445,cored
5446,class
5447,slate
5448,educe
5449,xylol
5450,ruths
5451,edema
5452,gluon
5453,zoril
5454,smurf
5455,vomer
5456,reata
5457,scald
5458,swank
5459,admin
5460,churl
5461,holed
5462,gyved
5463,poach
5464,lumps
5465,taupe
5466,dizen
5467,bloke
5468,clonk
5469,plage
5470,soppy
5471,ionic
5472,wides
5473,geese
5474,dryer
5475,caves
5476,azide
5477,twain
5478,glint
5479,cover
5480,focus
5481,tolus
5482,proem
5483,tacky
5484,lumpy
5485,poser
5486,bites
5487,thank
5488,blame
5489,flash
5490,liger
5491,withy
5492,abies
5493,louis
5494,pursy
5495,split
5496,bayou
5497,scale
5498,whity
5499,boxed
5500,ceded
5501,geode
5502,cedis
5503,inked
5504,chirr
5505,kinos
5506,shout
5507,skuas
5508,theol
5509,booby
5510,abaca
5511,sides
5512,zloty
5513,asker
5514,apses
5515,pacey
5516,cress
5517,couch
5518,roses
5519,tolar
5520,trout
5521,freak
5522,yodel
5523,krait
5524,cones
5525,waste
5526,ricer
5527,tarts
5528,shore
5529,gulch
5530,auger
5531,daubs
5532,canon
5533,peons
5534,rules
5535,scull
5536,trove
5537,along
5538,daman
5539,gappy
5540,elbow
5541,kinks
5542,payer
5543,tweet
5544,stole
5545,faddy
5546,taxer
5547,pesto
5548,roves
5549,gemma
5550,stere
5551,axons
5552,putts
5553,mixes
5554,panes
5555,varus
5556,calla
5557,surra
5558,quiff
5559,masts
5560,hight
5561,fruit
5562,junks
5563,miler
5564,basil
5565,conic
5566,borne
5567,clefs
5568,jilts
5569,fauns
5570,gangs
5571,skids
5572,dimly
5573,pareu
5574,limit
5575,slick
5576,lungs
5577,sepoy
5578,cuber
5579,doves
5580,vinic
5581,clasp
5582,piker
5583,egest
5584,debit
5585,gammy
5586,stiff
5587,beryl
5588,mesic
5589,tunes
5590,vedic
5591,jaunt
5592,ornis
5593,rheas
5594,anils
5595,skein
5596,sorry
5597,lithe
5598,doggo
5599,rares
5600,dints
5601,cavil
5602,shaft
5603,horns
5604,oxime
5605,coats
5606,flump
5607,varix
5608,arise
5609,sidle
5610,tapis
5611,hewed
5612,coins
5613,poult
5614,snubs
5615,caged
5616,blows
5617,serin
5618,riced
5619,parka
5620,nubby
5621,duets
5622,fenny
5623,thine
5624,gecko
5625,pacer
5626,birds
5627,titty
5628,perms
5629,hippo
5630,skirl
5631,donna
5632,carny
5633,worms
5634,roman
5635,porer
5636,ledge
5637,waked
5638,slats
5639,frank
5640,jumbo
5641,delis
5642,pours
5643,gucks
5644,dogie
5645,macks
5646,empty
5647,softy
5648,maxis
5649,pipes
5650,lager
5651,sorus
5652,shame
5653,crepe
5654,corms
5655,texts
5656,bevvy
5657,feoff
5658,romeo
5659,homie
5660,mulct
5661,anise
5662,tafia
5663,hello
5664,maced
5665,havoc
5666,boule
5667,chute
5668,stags
5669,laded
5670,loots
5671,beamy
5672,basks
5673,urban
5674,addax
5675,bonze
5676,clods
5677,visas
5678,fence
5679,tumor
5680,yawed
5681,lover
5682,egret
5683,quant
5684,cling
5685,robin
5686,sards
5687,hokum
5688,pares
5689,furzy
5690,wince
5691,whine
5692,veins
5693,duchy
5694,reach
5695,quote
5696,hames
5697,zitis
5698,treks
5699,smalt
5700,hdqrs
5701,slugs
5702,aisle
5703,weeps
5704,gamic
5705,bents
5706,hutch
5707,slush
5708,pinch
5709,sword
5710,cheat
5711,sands
5712,massy
5713,brail
5714,chose
5715,shirr
5716,snick
5717,badly
5718,jumps
5719,hazan
5720,limbs
5721,laity
5722,scarf
5723,indie
5724,shawm
5725,frond
5726,versa
5727,balds
5728,civet
5729,blogs
5730,broke
5731,pores
5732,dated
5733,duals
5734,gunge
5735,trine
5736,dears
5737,plebs
5738,arced
5739,zappy
5740,mutts
5741,endow
5742,blown
5743,surge
5744,wench
5745,beths
5746,tutus
5747,coons
5748,quale
5749,forth
5750,spate
5751,reset
5752,daric
5753,gauds
5754,nodal
5755,ameba
5756,bucko
5757,nurse
5758,shale
5759,shunt
5760,apply
5761,guest
5762,razee
5763,breed
5764,mezzo
5765,towed
5766,bield
5767,label
5768,safes
5769,greed
5770,plank
5771,orris
5772,sneer
5773,exert
5774,nixes
5775,godly
5776,pokey
5777,pulls
5778,fired
5779,aioli
5780,pappy
5781,assay
5782,gamut
5783,stacc
5784,froth
5785,frays
5786,viced
5787,raids
5788,tiers
5789,fulls
5790,homed
5791,enter
5792,teats
5793,kilns
5794,wools
5795,shift
5796,homer
5797,debag
5798,vimen
5799,studs
5800,bible
5801,barge
5802,grief
5803,cares
5804,yawls
5805,teddy
5806,panda
5807,tared
5808,glads
5809,dhoti
5810,xterm
5811,omega
5812,birrs
5813,osier
5814,swipe
5815,showy
5816,kinds
5817,hymen
5818,known
5819,brume
5820,treys
5821,haugh
5822,aphis
5823,adder
5824,buyer
5825,dorks
5826,wight
5827,clove
5828,chits
5829,bugle
5830,earls
5831,croak
5832,serow
5833,rowel
5834,laved
5835,radon
5836,avian
5837,embow
5838,tanks
5839,trued
5840,doozy
5841,amiss
5842,toter
5843,tarns
5844,lethe
5845,loran
5846,rehab
5847,warps
5848,libel
5849,toils
5850,sonly
5851,kooks
5852,marsh
5853,olive
5854,weber
5855,flesh
5856,abuse
5857,stane
5858,hauls
5859,arsed
5860,fleet
5861,nexus
5862,knees
5863,dance
5864,treed
5865,codas
5866,cases
5867,afoot
5868,debug
5869,agile
5870,adept
5871,loony
5872,write
5873,resit
5874,denar
5875,sakis
5876,tayra
5877,paced
5878,spout
5879,pucks
5880,moats
5881,oboes
5882,chocs
5883,issue
5884,attic
5885,toads
5886,jeers
5887,wafts
5888,viper
5889,whose
5890,inlet
5891,grids
5892,shove
5893,heels
5894,piing
5895,vowel
5896,groat
5897,bikes
5898,avoir
5899,clang
5900,gumma
5901,algae
5902,trays
5903,oxide
5904,savvy
5905,boson
5906,pogey
5907,color
5908,souks
5909,fills
5910,tripe
5911,blots
5912,spunk
5913,edits
5914,atoll
5915,mucor
5916,acted
5917,duvet
5918,livid
5919,lagan
5920,cowed
5921,velum
5922,bergs
5923,fanny
5924,mirza
5925,fords
5926,begun
5927,lepta
5928,weeny
5929,brill
5930,daily
5931,crust
5932,ileal
5933,farad
5934,cutin
5935,title
5936,mused
5937,waive
5938,chirm
5939,tipsy
5940,quell
5941,inlay
5942,cased
5943,resew
5944,oleic
5945,mecca
5946,creel
5947,jives
5948,jeans
5949,banal
5950,culls
5951,cloys
5952,elite
5953,drugs
5954,throw
5955,raven
5956,tires
5957,eidos
5958,gofer
5959,ghyll
5960,smolt
5961,pates
5962,hards
5963,undid
5964,ditzy
5965,drown
5966,guppy
5967,salad
5968,shivs
5969,omber
5970,horny
5971,swash
5972,dally
5973,doses
5974,vetch
5975,every
5976,valor
5977,winds
5978,bubal
5979,prods
5980,court
5981,fours
5982,helot
5983,profs
5984,outer
5985,banks
5986,diner
5987,flung
5988,front
5989,pudgy
5990,motif
5991,creme
5992,unzip
5993,peers
5994,amahs
5995,rhyme
5996,laxer
5997,jeeps
5998,algal
5999,welts
6000,talks
6001,mitts
6002,muffs
6003,edger
6004,docks
6005,brunt
6006,lairs
6007,papaw
6008,flays
6009,aulos
6010,vitae
6011,barns
6012,paten
6013,scows
6014,guava
6015,pupae
6016,fasts
6017,uncle
6018,bucks
6019,whims
6020,kayos
6021,tills
6022,cocos
6023,layer
6024,divot
6025,ogled
6026,frail
6027,caput
6028,newer
6029,small
6030,meter
6031,bulbs
6032,breve
6033,sawer
6034,wacko
6035,druid
6036,atone
6037,derry
6038,serve
6039,sails
6040,chili
6041,usher
6042,aulic
6043,lamed
6044,canso
6045,padre
6046,whack
6047,corgi
6048,caper
6049,kafir
6050,genit
6051,canoe
6052,cents
6053,disco
6054,drubs
6055,hurst
6056,shoes
6057,fates
6058,frigs
6059,aalii
6060,wiped
6061,kalpa
6062,china
6063,khaki
6064,local
6065,dirks
6066,verse
6067,moons
6068,naira
6069,indef
6070,whomp
6071,scion
6072,spued
6073,rudds
6074,scars
6075,humps
6076,aider
6077,busks
6078,spahi
6079,route
6080,runes
6081,strut
6082,slubs
6083,pinko
6084,inapt
6085,tuque
6086,chaws
6087,uvula
6088,teals
6089,sudor
6090,gator
6091,binds
6092,bulla
6093,bimah
6094,waged
6095,feels
6096,layup
6097,exeat
6098,matzo
6099,kitty
6100,cants
6101,mixer
6102,leper
6103,semen
6104,billy
6105,flare
6106,acres
6107,shady
6108,saury
6109,ducat
6110,spume
6111,mouse
6112,teths
6113,zings
6114,abbot
6115,snide
6116,lungi
6117,surah
6118,hazes
6119,tween
6120,netty
6121,kails
6122,oculi
6123,roped
6124,knobs
6125,calyx
6126,bialy
6127,loppy
6128,ronde
6129,lathi
6130,tweak
6131,urges
6132,miner
6133,gyrus
6134,winks
6135,petty
6136,newel
6137,wacky
6138,mucro
6139,shies
6140,spark
6141,thugs
6142,eikon
6143,baths
6144,doter
6145,galah
6146,spier
6147,celom
6148,dopes
6149,mulch
6150,feral
6151,peens
6152,stung
6153,morph
6154,surgy
6155,didos
6156,paper
6157,knelt
6158,honor
6159,sires
6160,dumpy
6161,plena
6162,snugs
6163,vises
6164,chums
6165,focal
6166,filly
6167,teleg
6168,tonus
6169,throe
6170,annul
6171,amine
6172,bunks
6173,rotas
6174,drips
6175,revel
6176,bulky
6177,hunch
6178,reorg
6179,grams
6180,orlop
6181,kines
6182,folie
6183,stare
6184,sniff
6185,penis
6186,organ
6187,faugh
6188,casks
6189,ragis
6190,sweet
6191,nasty
6192,tolls
6193,clunk
6194,shaky
6195,yikes
6196,knows
6197,slyer
6198,sears
6199,noddy
6200,naked
6201,pairs
6202,deify
6203,kloof
6204,necks
6205,blurt
6206,ninth
6207,narcs
6208,chirk
6209,oared
6210,nines
6211,waldo
6212,arson
6213,molts
6214,paste
6215,dukes
6216,firry
6217,salvo
6218,xerox
6219,swans
6220,nuder
6221,wilds
6222,glove
6223,asked
6224,gamma
6225,telic
6226,husks
6227,angry
6228,snoot
6229,ounce
6230,laver
6231,hoers
6232,kinin
6233,suits
6234,defer
6235,heals
6236,thegn
6237,styes
6238,plays
6239,tints
6240,mocks
6241,furls
6242,click
6243,afore
6244,dding
6245,wahoo
6246,lends
6247,drank
6248,detox
6249,pogge
6250,chico
6251,gauss
6252,darts
6253,scrap
6254,mutes
6255,pinna
6256,finis
6257,bally
6258,shrew
6259,judge
6260,remex
6261,ached
6262,dries
6263,brave
6264,llama
6265,kinky
6266,spams
6267,locks
6268,quack
6269,damps
6270,brink
6271,poppa
6272,paths
6273,allot
6274,ludic
6275,groan
6276,woops
6277,xenia
6278,rills
6279,turbo
6280,clock
6281,middy
6282,drill
6283,stark
6284,spoon
6285,metro
6286,avion
6287,cuing
6288,rumal
6289,flied
6290,polyp
6291,ranis
6292,turns
6293,wager
6294,wicks
6295,blini
6296,sleek
6297,embay
6298,copra
6299,carks
6300,leone
6301,jingo
6302,woods
6303,hawed
6304,haver
6305,rhomb
6306,izard
6307,shade
6308,gimps
6309,venue
6310,slaps
6311,paved
6312,bills
6313,sifts
6314,rowan
6315,olein
6316,bhaji
6317,gunny
6318,culch
6319,grads
6320,agama
6321,siren
6322,curry
6323,pavis
6324,vomit
6325,eager
6326,agora
6327,moved
6328,amain
6329,moths
6330,wraps
6331,rifts
6332,burnt
6333,lamia
6334,baton
6335,sites
6336,hatch
6337,heavy
6338,yeggs
6339,aimed
6340,lings
6341,eosin
6342,zeros
6343,soled
6344,piste
6345,combs
6346,dives
6347,ogler
6348,genoa
6349,horas
6350,liars
6351,salts
6352,claps
6353,tazza
6354,doors
6355,incur
6356,stabs
6357,fried
6358,extra
6359,ditch
6360,jupon
6361,thump
6362,decoy
6363,fatly
6364,kills
6365,heron
6366,lemon
6367,blobs
6368,peaky
6369,chats
6370,outdo
6371,donne
6372,charr
6373,apish
6374,torte
6375,berks
6376,buffo
6377,aggro
6378,hires
6379,oasis
6380,hoars
6381,gooks
6382,crank
6383,antis
6384,salsa
6385,knits
6386,maned
6387,kraal
6388,faxed
6389,filar
6390,steer
6391,roads
6392,cooks
6393,plugs
6394,kooky
6395,jerid
6396,furze
6397,tying
6398,ovate
6399,porky
6400,fleer
6401,brake
6402,damns
6403,beaus
6404,illus
6405,impel
6406,prams
6407,whore
6408,coxes
6409,gauge
6410,jural
6411,antic
6412,salep
6413,caste
6414,tarry
6415,vices
6416,hawks
6417,heirs
6418,jutty
6419,kasha
6420,crime
6421,toper
6422,world
6423,trash
6424,zazen
6425,peach
6426,bumps
6427,prole
6428,grips
6429,augur
6430,azole
6431,cried
6432,aster
6433,serfs
6434,sours
6435,kiosk
6436,wrack
6437,tryma
6438,kilts
6439,ghats
6440,rumen
6441,guide
6442,fraud
6443,rusty
6444,homes
6445,eider
6446,parrs
6447,cords
6448,roble
6449,boron
6450,prier
6451,cobia
6452,slots
6453,lands
6454,cross
6455,clepe
6456,arose
6457,expat
6458,dulia
6459,viola
6460,maple
6461,attar
6462,warms
6463,urial
6464,stent
6465,campo
6466,flaky
6467,liker
6468,rouge
6469,derby
6470,lanky
6471,airts
6472,norms
6473,utter
6474,books
6475,films
6476,vague
6477,kente
6478,liver
6479,aedes
6480,booed
6481,tings
6482,drunk
6483,pokes
6484,rowed
6485,hoard
6486,oozes
6487,saran
6488,piety
6489,pirog
6490,plash
6491,chase
6492,coked
6493,maxes
6494,wheat
6495,benne
6496,rents
6497,gaffe
6498,danio
6499,burls
6500,caped
6501,jebel
6502,smews
6503,crate
6504,ligan
6505,minty
6506,farer
6507,gumbo
6508,boink
6509,bored
6510,skims
6511,gites
6512,spoke
6513,cutis
6514,piton
6515,saris
6516,leapt
6517,grubs
6518,freed
6519,barks
6520,thyme
6521,huger
6522,remix
6523,voles
6524,japed
6525,fiend
6526,riper
6527,grays
6528,unwed
6529,gelid
6530,minke
6531,dobby
6532,amice
6533,flunk
6534,fudge
6535,relic
6536,unfix
6537,ulnar
6538,phone
6539,bolts
6540,crone
6541,drier
6542,razed
6543,ouzel
6544,jaded
6545,pikas
6546,bitch
6547,climb
6548,retry
6549,deriv
6550,amble
6551,mourn
6552,wikis
6553,lucre
